model_name,metric,num_samples,mean,std,ci_95_lower,ci_95_upper
gemini,answer_correctness,32,0.5959326448523676,0.16580041388631458,0.5330114154183039,0.6522446121709249
gemini,faithfulness,33,0.2848845598845599,0.3166491118098448,0.17777056277056275,0.3992388167388167
gemini,context_precision,33,0.7878787877999999,0.41514875022576564,0.6363636362999999,0.9090909089999999
