model_name,metric,num_samples,mean,std,ci_95_lower,ci_95_upper
gwen_ft_rag_4,answer_correctness,33,0.34989209663467946,0.19062405401711344,0.2886221577866037,0.4189117987056822
gwen_ft_rag_4,faithfulness,33,0.21191678691678692,0.2804335466957264,0.12750962000962002,0.3137367724867725
gwen_ft_rag_4,context_precision,33,0.2424242424,0.43519413984572514,0.1212121212,0.3939393939
